N,threads,time_ms,max_diff,verified
200,1,12.274,0.000e+00,True
200,2,9.998,0.000e+00,True
200,4,5.901,0.000e+00,True
200,8,4.071,0.000e+00,True
400,1,106.623,0.000e+00,True
400,2,75.676,0.000e+00,True
400,4,51.845,0.000e+00,True
400,8,35.083,0.000e+00,True
800,1,874.035,0.000e+00,True
800,2,465.362,0.000e+00,True
800,4,306.789,0.000e+00,True
800,8,196.257,0.000e+00,True
1200,1,2983.110,0.000e+00,True
1200,2,1619.960,0.000e+00,True
1200,4,1069.230,0.000e+00,True
1200,8,641.056,0.000e+00,True
1600,1,6585.000,0.000e+00,True
1600,2,4540.440,0.000e+00,True
1600,4,2550.490,0.000e+00,True
1600,8,1437.440,0.000e+00,True
2000,1,12868.800,0.000e+00,True
2000,2,8527.150,0.000e+00,True
2000,4,4806.780,0.000e+00,True
2000,8,2519.620,0.000e+00,True
